VIN (1-10),County,City,State,Postal Code,Model Year,Make,Model,Electric Vehicle Type,Clean Alternative Fuel Vehicle (CAFV) Eligibility,Electric Range,Base MSRP,Legislative District,DOL Vehicle ID,Electric Utility,2020 Census Tract,Vehicle Location Lat,Vehicle Location Lon
5UXKT0C59G,Yakima,Zillah,WA,98953.0,2016,BMW,X5,Plug-in Hybrid Electric Vehicle (PHEV),Not eligible due to low battery range,14,0,15.0,206822717,PACIFICORP,53077002201.0,46.40556,-120.2631
5YJ3E1EA2J,Snohomish,Edmonds,WA,98020.0,2018,TESLA,MODEL 3,Battery Electric Vehicle (BEV),Clean Alternative Fuel Vehicle Eligible,215,0,21.0,137721636,PUGET SOUND ENERGY INC,53061050502.0,47.80807,-122.375
1G1RE6E4XE,Kitsap,Port Orchard,WA,98367.0,2014,CHEVROLET,VOLT,Plug-in Hybrid Electric Vehicle (PHEV),Clean Alternative Fuel Vehicle Eligible,38,0,26.0,197718468,PUGET SOUND ENERGY INC,53035092704.0,47.50524,-122.684707
2C4RC1L76M,Skagit,Bow,WA,98232.0,2021,CHRYSLER,PACIFICA,Plug-in Hybrid Electric Vehicle (PHEV),Clean Alternative Fuel Vehicle Eligible,32,0,40.0,256274308,PUGET SOUND ENERGY INC,53057950801.0,48.5613885,-122.44063
5YJ3E1EA2J,Thurston,Olympia,WA,98513.0,2018,TESLA,MODEL 3,Battery Electric Vehicle (BEV),Clean Alternative Fuel Vehicle Eligible,215,0,2.0,259176578,PUGET SOUND ENERGY INC,53067012331.0,46.98876,-122.81754
WA1E2BFY8N,Snohomish,Snohomish,WA,98296.0,2022,AUDI,Q5,Plug-in Hybrid Electric Vehicle (PHEV),Not eligible due to low battery range,23,0,1.0,207797957,PUGET SOUND ENERGY INC,53061052108.0,47.8851158,-122.1513
KNDCE3LG2K,Thurston,Olympia,WA,98506.0,2019,KIA,NIRO,Battery Electric Vehicle (BEV),Clean Alternative Fuel Vehicle Eligible,239,0,22.0,256221178,PUGET SOUND ENERGY INC,53067010300.0,47.0519573,-122.887478
5YJ3E1EB9K,Snohomish,Edmonds,WA,98020.0,2019,TESLA,MODEL 3,Battery Electric Vehicle (BEV),Clean Alternative Fuel Vehicle Eligible,220,0,32.0,477226991,PUGET SOUND ENERGY INC,53061050700.0,47.80807,-122.375
WBY8P2C57K,King,Seattle,WA,98102.0,2019,BMW,I3,Battery Electric Vehicle (BEV),Clean Alternative Fuel Vehicle Eligible,153,0,43.0,121649510,CITY OF SEATTLE - (WA)|CITY OF TACOMA - (WA),53033006100.0,47.64058,-122.3222
1FADP5CU2D,Thurston,Lacey,WA,98503.0,2013,FORD,C-MAX,Plug-in Hybrid Electric Vehicle (PHEV),Not eligible due to low battery range,19,0,22.0,115266077,PUGET SOUND ENERGY INC,53067011200.0,47.03646,-122.828
5YJ3E1EB4J,Snohomish,Bothell,WA,98021.0,2018,TESLA,MODEL 3,Battery Electric Vehicle (BEV),Clean Alternative Fuel Vehicle Eligible,215,0,1.0,342719737,PUGET SOUND ENERGY INC,53061051914.0,47.802589,-122.17945
1N4BZ0CP5H,King,Fall City,WA,98024.0,2017,NISSAN,LEAF,Battery Electric Vehicle (BEV),Clean Alternative Fuel Vehicle Eligible,107,0,5.0,180389240,PUGET SOUND ENERGY INC||CITY OF TACOMA - (WA),53033032601.0,47.5640832,-121.893618
KM8JBDD23R,Thurston,Olympia,WA,98502.0,2024,HYUNDAI,TUCSON,Plug-in Hybrid Electric Vehicle (PHEV),Clean Alternative Fuel Vehicle Eligible,33,0,22.0,261210449,PUGET SOUND ENERGY INC,53067010600.0,47.045935,-122.9214
5YJYGDEF1L,Snohomish,Bothell,WA,98012.0,2020,TESLA,MODEL Y,Battery Electric Vehicle (BEV),Clean Alternative Fuel Vehicle Eligible,291,0,1.0,122587244,PUGET SOUND ENERGY INC,53061052107.0,47.820245,-122.187
1N4BZ0CP9H,King,Seattle,WA,98117.0,2017,NISSAN,LEAF,Battery Electric Vehicle (BEV),Clean Alternative Fuel Vehicle Eligible,107,0,36.0,123284094,CITY OF SEATTLE - (WA)|CITY OF TACOMA - (WA),53033001702.0,47.68968,-122.3727
5YJ3E1EA0J,Snohomish,Edmonds,WA,98026.0,2018,TESLA,MODEL 3,Battery Electric Vehicle (BEV),Clean Alternative Fuel Vehicle Eligible,215,0,21.0,476175171,PUGET SOUND ENERGY INC,53061050300.0,47.80372,-122.33568
5YJSA1E27J,King,Seattle,WA,98117.0,2018,TESLA,MODEL S,Battery Electric Vehicle (BEV),Clean Alternative Fuel Vehicle Eligible,249,0,36.0,348575874,CITY OF SEATTLE - (WA)|CITY OF TACOMA - (WA),53033001500.0,47.68968,-122.3727
JN1AZ0CP9B,King,Bellevue,WA,98006.0,2011,NISSAN,LEAF,Battery Electric Vehicle (BEV),Clean Alternative Fuel Vehicle Eligible,73,0,41.0,162746104,PUGET SOUND ENERGY INC||CITY OF TACOMA - (WA),53033024905.0,47.571015,-122.1693
WBY1Z4C56E,Kitsap,Bremerton,WA,98312.0,2014,BMW,I3,Plug-in Hybrid Electric Vehicle (PHEV),Clean Alternative Fuel Vehicle Eligible,72,0,35.0,221479254,PUGET SOUND ENERGY INC,53035080900.0,47.57192,-122.6522
1G1FY6S08K,Thurston,Lacey,WA,98516.0,2019,CHEVROLET,BOLT EV,Battery Electric Vehicle (BEV),Clean Alternative Fuel Vehicle Eligible,238,0,22.0,286453072,PUGET SOUND ENERGY INC,53067012221.0,47.0821119,-122.747429
5YJYGDEE4L,Chelan,Chelan,WA,98816.0,2020,TESLA,MODEL Y,Battery Electric Vehicle (BEV),Clean Alternative Fuel Vehicle Eligible,291,0,12.0,111656821,PUD NO 1 OF CHELAN COUNTY,53007960303.0,47.839895,-120.01587
5YJ3E1EB7M,Stevens,Colville,WA,99114.0,2021,TESLA,MODEL 3,Battery Electric Vehicle (BEV),Eligibility unknown as battery range has not been researched,0,0,7.0,139638901,AVISTA CORP,53065950300.0,48.547075,-117.9043
1C4RJXN60R,Snohomish,Stanwood,WA,98292.0,2024,JEEP,WRANGLER,Plug-in Hybrid Electric Vehicle (PHEV),Not eligible due to low battery range,21,0,10.0,257298373,PUGET SOUND ENERGY INC,53061053202.0,48.2414921,-122.368405
5YJSA1CN3D,Thurston,Olympia,WA,98501.0,2013,TESLA,MODEL S,Battery Electric Vehicle (BEV),Clean Alternative Fuel Vehicle Eligible,208,69900,22.0,182783100,PUGET SOUND ENERGY INC,53067010700.0,47.043535,-122.8969
5YJ3E1EC3M,Spokane,Rockford,WA,99030.0,2021,TESLA,MODEL 3,Battery Electric Vehicle (BEV),Eligibility unknown as battery range has not been researched,0,0,9.0,217910577,AVISTA CORP,53063014300.0,47.45227,-117.13002
5YJ3E1EA6K,Snohomish,Lynnwood,WA,98087.0,2019,TESLA,MODEL 3,Battery Electric Vehicle (BEV),Clean Alternative Fuel Vehicle Eligible,220,0,21.0,9054664,PUGET SOUND ENERGY INC,53061041703.0,47.8650827,-122.255199
1N4AZ0CP8E,Snohomish,Mountlake Terrace,WA,98043.0,2014,NISSAN,LEAF,Battery Electric Vehicle (BEV),Clean Alternative Fuel Vehicle Eligible,84,0,1.0,349616851,PUGET SOUND ENERGY INC,53061051100.0,47.78416,-122.3084
KNDCM3LD5K,Thurston,Olympia,WA,98501.0,2019,KIA,NIRO,Plug-in Hybrid Electric Vehicle (PHEV),Not eligible due to low battery range,26,0,22.0,249431752,PUGET SOUND ENERGY INC,53067011721.0,47.043535,-122.8969
1G1FY6S03L,Kitsap,Bremerton,WA,98310.0,2020,CHEVROLET,BOLT EV,Battery Electric Vehicle (BEV),Clean Alternative Fuel Vehicle Eligible,259,0,23.0,148972505,PUGET SOUND ENERGY INC,53035080200.0,47.575195,-122.61136
1N4AZ1CP1K,Snohomish,Monroe,WA,98272.0,2019,NISSAN,LEAF,Battery Electric Vehicle (BEV),Clean Alternative Fuel Vehicle Eligible,150,0,39.0,122097846,PUGET SOUND ENERGY INC,53061052207.0,47.85674,-121.97221
1N4AZ0CP2D,Spokane,Spokane,WA,99203.0,2013,NISSAN,LEAF,Battery Electric Vehicle (BEV),Clean Alternative Fuel Vehicle Eligible,75,0,6.0,128946408,MODERN ELECTRIC WATER COMPANY,53063004702.0,47.635365,-117.42526
5YJ3E1EB9J,Grant,Moses Lake,WA,98837.0,2018,TESLA,MODEL 3,Battery Electric Vehicle (BEV),Clean Alternative Fuel Vehicle Eligible,215,0,13.0,233620446,PUD NO 2 OF GRANT COUNTY,53025011002.0,47.1240154,-119.259987
2C4RC1N7XL,Spokane,Spokane,WA,99203.0,2020,CHRYSLER,PACIFICA,Plug-in Hybrid Electric Vehicle (PHEV),Clean Alternative Fuel Vehicle Eligible,32,0,6.0,127293806,MODERN ELECTRIC WATER COMPANY,53063004200.0,47.635365,-117.42526
5YJYGAEE7M,Yakima,Yakima,WA,98908.0,2021,TESLA,MODEL Y,Battery Electric Vehicle (BEV),Eligibility unknown as battery range has not been researched,0,0,14.0,148376322,PACIFICORP,53077000402.0,46.5965625,-120.60272
5YJSA1E28G,Thurston,Olympia,WA,98516.0,2016,TESLA,MODEL S,Battery Electric Vehicle (BEV),Clean Alternative Fuel Vehicle Eligible,210,0,22.0,219684083,PUGET SOUND ENERGY INC,53067012221.0,47.0821119,-122.747429
1N4AZ0CP1F,Snohomish,Bothell,WA,98021.0,2015,NISSAN,LEAF,Battery Electric Vehicle (BEV),Clean Alternative Fuel Vehicle Eligible,84,0,1.0,243854845,PUGET SOUND ENERGY INC,53061051914.0,47.802589,-122.17945
1C4RJXR60R,Stevens,Chewelah,WA,99109.0,2024,JEEP,WRANGLER,Plug-in Hybrid Electric Vehicle (PHEV),Not eligible due to low battery range,21,0,7.0,256078952,AVISTA CORP,53065950800.0,48.27719,-117.72214
JTDKARFP8H,Yakima,Yakima,WA,98903.0,2017,TOYOTA,PRIUS PRIME,Plug-in Hybrid Electric Vehicle (PHEV),Not eligible due to low battery range,25,0,14.0,117189229,PACIFICORP,53077001202.0,46.553505,-120.4778
KL8CL6S0XF,Yakima,Moxee,WA,98936.0,2015,CHEVROLET,SPARK,Battery Electric Vehicle (BEV),Clean Alternative Fuel Vehicle Eligible,82,0,15.0,203498235,PACIFICORP,53077001702.0,46.55609,-120.379511
KNDCE3LG4L,Snohomish,Everett,WA,98208.0,2020,KIA,NIRO,Battery Electric Vehicle (BEV),Clean Alternative Fuel Vehicle Eligible,239,0,44.0,167139570,PUGET SOUND ENERGY INC,53061041605.0,47.9156409,-122.224775
1N4AZ1CP9J,Douglas,Rock Island,WA,98850.0,2018,NISSAN,LEAF,Battery Electric Vehicle (BEV),Clean Alternative Fuel Vehicle Eligible,151,0,12.0,141412218,PUD NO 1 OF DOUGLAS COUNTY,53017950300.0,47.376555,-120.1436
1G1FZ6S08K,Island,Langley,WA,98260.0,2019,CHEVROLET,BOLT EV,Battery Electric Vehicle (BEV),Clean Alternative Fuel Vehicle Eligible,238,0,10.0,171701813,PUGET SOUND ENERGY INC,53029972000.0,48.03557,-122.40801
7FCTGAAAXN,Thurston,Lacey,WA,98513.0,2022,RIVIAN,R1T,Battery Electric Vehicle (BEV),Eligibility unknown as battery range has not been researched,0,0,22.0,220271026,PUGET SOUND ENERGY INC,53067011622.0,46.98876,-122.81754
5YJSA1V48F,Island,Langley,WA,98260.0,2015,TESLA,MODEL S,Battery Electric Vehicle (BEV),Clean Alternative Fuel Vehicle Eligible,208,0,10.0,229176797,PUGET SOUND ENERGY INC,53029972000.0,48.03557,-122.40801
5YJSA1E43K,Yakima,Yakima,WA,98908.0,2019,TESLA,MODEL S,Battery Electric Vehicle (BEV),Clean Alternative Fuel Vehicle Eligible,270,0,14.0,258995908,PACIFICORP,53077002900.0,46.5965625,-120.60272
JN1AZ0CP8C,Snohomish,Mill Creek,WA,98012.0,2012,NISSAN,LEAF,Battery Electric Vehicle (BEV),Clean Alternative Fuel Vehicle Eligible,73,0,44.0,217764207,PUGET SOUND ENERGY INC,53061052008.0,47.820245,-122.187
WA1VABGE9K,Snohomish,Bothell,WA,98012.0,2019,AUDI,E-TRON,Battery Electric Vehicle (BEV),Clean Alternative Fuel Vehicle Eligible,204,0,1.0,112725679,PUGET SOUND ENERGY INC,53061052107.0,47.820245,-122.187
5YJYGDEE0L,Snohomish,Bothell,WA,98021.0,2020,TESLA,MODEL Y,Battery Electric Vehicle (BEV),Clean Alternative Fuel Vehicle Eligible,291,0,1.0,113259303,PUGET SOUND ENERGY INC,53061051918.0,47.802589,-122.17945
5YJSA1E47H,Snohomish,Monroe,WA,98272.0,2017,TESLA,MODEL S,Battery Electric Vehicle (BEV),Clean Alternative Fuel Vehicle Eligible,210,0,39.0,149058101,PUGET SOUND ENERGY INC,53061052113.0,47.85674,-121.97221
5UXTA6C08N,Snohomish,Bothell,WA,98012.0,2022,BMW,X5,Plug-in Hybrid Electric Vehicle (PHEV),Clean Alternative Fuel Vehicle Eligible,30,0,1.0,200756153,PUGET SOUND ENERGY INC,53061052009.0,47.820245,-122.187
5YJSA1H13E,Spokane,Spokane,WA,99204.0,2014,TESLA,MODEL S,Battery Electric Vehicle (BEV),Clean Alternative Fuel Vehicle Eligible,208,69900,3.0,142213004,MODERN ELECTRIC WATER COMPANY,53063004100.0,47.64724,-117.4316
5YJXCBE23L,Island,Oak Harbor,WA,98277.0,2020,TESLA,MODEL X,Battery Electric Vehicle (BEV),Clean Alternative Fuel Vehicle Eligible,293,0,10.0,106390189,PUGET SOUND ENERGY INC,53029970300.0,48.2897314,-122.678867
5YJ3E1EA0J,Kitsap,Port Orchard,WA,98366.0,2018,TESLA,MODEL 3,Battery Electric Vehicle (BEV),Clean Alternative Fuel Vehicle Eligible,215,0,26.0,186727866,PUGET SOUND ENERGY INC,53035092600.0,47.5373,-122.63926
3FMTK3SUXM,Skagit,Bow,WA,98232.0,2021,FORD,MUSTANG MACH-E,Battery Electric Vehicle (BEV),Eligibility unknown as battery range has not been researched,0,0,40.0,195150392,PUGET SOUND ENERGY INC,53057950802.0,48.5613885,-122.44063
WVWKR7AU1K,Snohomish,Brier,WA,98036.0,2019,VOLKSWAGEN,E-GOLF,Battery Electric Vehicle (BEV),Clean Alternative Fuel Vehicle Eligible,125,0,1.0,106029395,PUGET SOUND ENERGY INC,53061051914.0,47.819365,-122.31667
1N4AZ0CP9D,Yakima,Yakima,WA,98901.0,2013,NISSAN,LEAF,Battery Electric Vehicle (BEV),Clean Alternative Fuel Vehicle Eligible,75,0,15.0,213324541,PACIFICORP,53077001602.0,46.6043,-120.50022
5YJ3E1EA4K,Snohomish,Stanwood,WA,98292.0,2019,TESLA,MODEL 3,Battery Electric Vehicle (BEV),Clean Alternative Fuel Vehicle Eligible,220,0,10.0,252627385,PUGET SOUND ENERGY INC,53061053202.0,48.2414921,-122.368405
5YJ3E1EB9J,Kitsap,Port Orchard,WA,98367.0,2018,TESLA,MODEL 3,Battery Electric Vehicle (BEV),Clean Alternative Fuel Vehicle Eligible,215,0,26.0,180426536,PUGET SOUND ENERGY INC,53035092704.0,47.50524,-122.684707
1G1RH6E4XC,Thurston,Olympia,WA,98506.0,2012,CHEVROLET,VOLT,Plug-in Hybrid Electric Vehicle (PHEV),Clean Alternative Fuel Vehicle Eligible,35,0,22.0,167978779,PUGET SOUND ENERGY INC,53067012100.0,47.0519573,-122.887478
5YJSA1E18G,Thurston,Olympia,WA,98513.0,2016,TESLA,MODEL S,Battery Electric Vehicle (BEV),Clean Alternative Fuel Vehicle Eligible,210,0,2.0,111709230,PUGET SOUND ENERGY INC,53067012331.0,46.98876,-122.81754
5YJSA1H2XF,Snohomish,Mill Creek,WA,98012.0,2015,TESLA,MODEL S,Battery Electric Vehicle (BEV),Clean Alternative Fuel Vehicle Eligible,208,0,44.0,215299024,PUGET SOUND ENERGY INC,53061052006.0,47.820245,-122.187
5UXKT0C34H,Douglas,East Wenatchee,WA,98802.0,2017,BMW,X5,Plug-in Hybrid Electric Vehicle (PHEV),Not eligible due to low battery range,14,0,12.0,138837380,PUD NO 1 OF DOUGLAS COUNTY,53017950800.0,47.4176,-120.2867
1N4AZ0CP7F,King,Renton,WA,98059.0,2015,NISSAN,LEAF,Battery Electric Vehicle (BEV),Clean Alternative Fuel Vehicle Eligible,84,0,11.0,197300393,PUGET SOUND ENERGY INC||CITY OF TACOMA - (WA),53033025103.0,47.487175,-122.1573
7SAYGDEF6P,Stevens,Colville,WA,99114.0,2023,TESLA,MODEL Y,Battery Electric Vehicle (BEV),Eligibility unknown as battery range has not been researched,0,0,7.0,245457782,AVISTA CORP,53065950200.0,48.547075,-117.9043
1N4BZ0CP4G,Snohomish,Bothell,WA,98021.0,2016,NISSAN,LEAF,Battery Electric Vehicle (BEV),Clean Alternative Fuel Vehicle Eligible,84,0,1.0,165186479,PUGET SOUND ENERGY INC,53061051937.0,47.802589,-122.17945
WBY8P6C51K,Stevens,Loon Lake,WA,99148.0,2019,BMW,I3,Battery Electric Vehicle (BEV),Clean Alternative Fuel Vehicle Eligible,153,0,7.0,478044206,NO KNOWN ELECTRIC UTILITY SERVICE,53065951301.0,48.05954,-117.6345
5YJYGDEE0M,Thurston,Olympia,WA,98503.0,2021,TESLA,MODEL Y,Battery Electric Vehicle (BEV),Eligibility unknown as battery range has not been researched,0,0,2.0,262199087,PUGET SOUND ENERGY INC,53067011628.0,47.03646,-122.828
5YJSA1E22H,King,Redmond,WA,98053.0,2017,TESLA,MODEL S,Battery Electric Vehicle (BEV),Clean Alternative Fuel Vehicle Eligible,210,0,45.0,132951150,PUGET SOUND ENERGY INC||CITY OF TACOMA - (WA),53033032333.0,47.6958998,-122.022279
JTDKARFP3J,Skagit,Anacortes,WA,98221.0,2018,TOYOTA,PRIUS PRIME,Plug-in Hybrid Electric Vehicle (PHEV),Not eligible due to low battery range,25,0,40.0,474223459,PUGET SOUND ENERGY INC,53057940301.0,48.501275,-122.6153
3C3CFFGE8F,Island,Langley,WA,98260.0,2015,FIAT,500,Battery Electric Vehicle (BEV),Clean Alternative Fuel Vehicle Eligible,87,0,10.0,474038764,PUGET SOUND ENERGY INC,53029972000.0,48.03557,-122.40801
5YJ3E1EA1K,Snohomish,Everett,WA,98208.0,2019,TESLA,MODEL 3,Battery Electric Vehicle (BEV),Clean Alternative Fuel Vehicle Eligible,220,0,21.0,229683156,PUGET SOUND ENERGY INC,53061041703.0,47.9156409,-122.224775
5YJ3E1EA2J,Snohomish,Bothell,WA,98012.0,2018,TESLA,MODEL 3,Battery Electric Vehicle (BEV),Clean Alternative Fuel Vehicle Eligible,215,0,44.0,171587517,PUGET SOUND ENERGY INC,53061052010.0,47.820245,-122.187
5YJSA1E28G,Snohomish,Lynnwood,WA,98036.0,2016,TESLA,MODEL S,Battery Electric Vehicle (BEV),Clean Alternative Fuel Vehicle Eligible,210,0,32.0,220125125,PUGET SOUND ENERGY INC,53061051402.0,47.819365,-122.31667
1N4AZ1CP2J,Snohomish,Edmonds,WA,98020.0,2018,NISSAN,LEAF,Battery Electric Vehicle (BEV),Clean Alternative Fuel Vehicle Eligible,151,0,21.0,288268921,PUGET SOUND ENERGY INC,53061050300.0,47.80807,-122.375
KNDCC3LG6L,Kitsap,Bainbridge Island,WA,98110.0,2020,KIA,NIRO,Battery Electric Vehicle (BEV),Clean Alternative Fuel Vehicle Eligible,239,0,23.0,157748188,PUGET SOUND ENERGY INC,53035090700.0,47.6293323,-122.523578
5YJXCBE42G,Snohomish,Everett,WA,98203.0,2016,TESLA,MODEL X,Battery Electric Vehicle (BEV),Clean Alternative Fuel Vehicle Eligible,200,0,38.0,135588582,PUGET SOUND ENERGY INC,53061041304.0,47.95479,-122.2131
1N4BZ0CP7H,Chelan,Leavenworth,WA,98826.0,2017,NISSAN,LEAF,Battery Electric Vehicle (BEV),Clean Alternative Fuel Vehicle Eligible,107,0,12.0,237813152,PUD NO 1 OF CHELAN COUNTY,53007960202.0,47.5970083,-120.661915
1N4AZ0CP1E,Chelan,Cashmere,WA,98815.0,2014,NISSAN,LEAF,Battery Electric Vehicle (BEV),Clean Alternative Fuel Vehicle Eligible,84,0,12.0,250653105,PUD NO 1 OF CHELAN COUNTY,53007960502.0,47.5173233,-120.468
1G1FZ6S05K,Lincoln,Ford,WA,99013.0,2019,CHEVROLET,BOLT EV,Battery Electric Vehicle (BEV),Clean Alternative Fuel Vehicle Eligible,238,0,13.0,102714293,AVISTA CORP,53043960200.0,47.8321008,-117.811294
7FCTGBAA2P,King,Sammamish,WA,98074.0,2023,RIVIAN,R1T,Battery Electric Vehicle (BEV),Eligibility unknown as battery range has not been researched,0,0,45.0,259982705,PUGET SOUND ENERGY INC||CITY OF TACOMA - (WA),53033032225.0,47.6285782,-122.031326
JA4J24A50J,Thurston,Olympia,WA,98501.0,2018,MITSUBISHI,OUTLANDER,Plug-in Hybrid Electric Vehicle (PHEV),Not eligible due to low battery range,22,0,22.0,329827193,PUGET SOUND ENERGY INC,53067010100.0,47.043535,-122.8969
JTDKARFP0H,Kitsap,Bremerton,WA,98310.0,2017,TOYOTA,PRIUS PRIME,Plug-in Hybrid Electric Vehicle (PHEV),Not eligible due to low battery range,25,0,23.0,106138777,PUGET SOUND ENERGY INC,53035080101.0,47.575195,-122.61136
5YJ3E1EA9J,King,Seattle,WA,98119.0,2018,TESLA,MODEL 3,Battery Electric Vehicle (BEV),Clean Alternative Fuel Vehicle Eligible,215,0,36.0,474964731,CITY OF SEATTLE - (WA)|CITY OF TACOMA - (WA),53033005902.0,47.63046,-122.36381
1C4JJXP63P,Snohomish,Lynnwood,WA,98036.0,2023,JEEP,WRANGLER,Plug-in Hybrid Electric Vehicle (PHEV),Not eligible due to low battery range,21,0,21.0,235958628,PUGET SOUND ENERGY INC,53061051922.0,47.819365,-122.31667
5YJ3E1EC4L,Kitsap,Silverdale,WA,98383.0,2020,TESLA,MODEL 3,Battery Electric Vehicle (BEV),Clean Alternative Fuel Vehicle Eligible,308,0,23.0,7948713,PUGET SOUND ENERGY INC,53035091205.0,47.665978,-122.66807
1N4AZ1CP3J,King,Issaquah,WA,98027.0,2018,NISSAN,LEAF,Battery Electric Vehicle (BEV),Clean Alternative Fuel Vehicle Eligible,151,0,5.0,175618894,PUGET SOUND ENERGY INC||CITY OF TACOMA - (WA),53033032103.0,47.534065,-122.0364
5YJ3E1EA9L,Snohomish,Bothell,WA,98012.0,2020,TESLA,MODEL 3,Battery Electric Vehicle (BEV),Clean Alternative Fuel Vehicle Eligible,266,0,1.0,104548314,PUGET SOUND ENERGY INC,53061052107.0,47.820245,-122.187
SADHD2S16K,Yakima,Zillah,WA,98953.0,2019,JAGUAR,I-PACE,Battery Electric Vehicle (BEV),Clean Alternative Fuel Vehicle Eligible,234,0,15.0,477559785,PACIFICORP,53077002202.0,46.40556,-120.2631
JHMZC5F32J,Kitsap,Bremerton,WA,98310.0,2018,HONDA,CLARITY,Plug-in Hybrid Electric Vehicle (PHEV),Clean Alternative Fuel Vehicle Eligible,47,0,23.0,477487601,PUGET SOUND ENERGY INC,53035080200.0,47.575195,-122.61136
KNDCS3LF7P,Thurston,Lacey,WA,98516.0,2023,KIA,NIRO,Plug-in Hybrid Electric Vehicle (PHEV),Clean Alternative Fuel Vehicle Eligible,33,0,22.0,228590449,PUGET SOUND ENERGY INC,53067012226.0,47.0821119,-122.747429
JN1AZ0CP7B,Thurston,Lacey,WA,98503.0,2011,NISSAN,LEAF,Battery Electric Vehicle (BEV),Clean Alternative Fuel Vehicle Eligible,73,0,22.0,123927114,PUGET SOUND ENERGY INC,53067011421.0,47.03646,-122.828
7PDSGABA9P,Snohomish,Bothell,WA,98021.0,2023,RIVIAN,R1S,Battery Electric Vehicle (BEV),Eligibility unknown as battery range has not been researched,0,0,1.0,236425850,PUGET SOUND ENERGY INC,53061051937.0,47.802589,-122.17945
WVWKP7AU7G,Kitsap,Hansville,WA,98340.0,2016,VOLKSWAGEN,E-GOLF,Battery Electric Vehicle (BEV),Clean Alternative Fuel Vehicle Eligible,83,0,23.0,137053479,PUGET SOUND ENERGY INC,53035090101.0,47.903975,-122.5778
1FADP5CU0E,Thurston,Lacey,WA,98516.0,2014,FORD,C-MAX,Plug-in Hybrid Electric Vehicle (PHEV),Not eligible due to low battery range,19,0,22.0,254657763,PUGET SOUND ENERGY INC,53067012225.0,47.0821119,-122.747429
JHMZC5F17J,Island,Oak Harbor,WA,98277.0,2018,HONDA,CLARITY,Plug-in Hybrid Electric Vehicle (PHEV),Clean Alternative Fuel Vehicle Eligible,47,0,10.0,203162060,PUGET SOUND ENERGY INC,53029970100.0,48.2897314,-122.678867
WA1LAAGE7K,King,Seattle,WA,98116.0,2019,AUDI,E-TRON,Battery Electric Vehicle (BEV),Clean Alternative Fuel Vehicle Eligible,204,0,34.0,244086307,CITY OF SEATTLE - (WA)|CITY OF TACOMA - (WA),53033009702.0,47.56484,-122.3867
WBY1Z2C52E,King,Seattle,WA,98119.0,2014,BMW,I3,Battery Electric Vehicle (BEV),Clean Alternative Fuel Vehicle Eligible,81,0,36.0,246985581,CITY OF SEATTLE - (WA)|CITY OF TACOMA - (WA),53033006900.0,47.63046,-122.36381
5YJ3E1EB4K,King,Seattle,WA,98103.0,2019,TESLA,MODEL 3,Battery Electric Vehicle (BEV),Clean Alternative Fuel Vehicle Eligible,220,0,43.0,150330379,CITY OF SEATTLE - (WA)|CITY OF TACOMA - (WA),53033005100.0,47.659185,-122.343
5YJ3E1EA4L,Snohomish,Edmonds,WA,98026.0,2020,TESLA,MODEL 3,Battery Electric Vehicle (BEV),Clean Alternative Fuel Vehicle Eligible,266,0,21.0,112923009,PUGET SOUND ENERGY INC,53061050101.0,47.80372,-122.33568
5YJYGDEE9L,King,Kent,WA,98030.0,2020,TESLA,MODEL Y,Battery Electric Vehicle (BEV),Clean Alternative Fuel Vehicle Eligible,291,0,33.0,120464102,PUGET SOUND ENERGY INC||CITY OF TACOMA - (WA),53033029505.0,47.37483,-122.19975
1N4AZ1CP3K,Snohomish,Lake Stevens,WA,98258.0,2019,NISSAN,LEAF,Battery Electric Vehicle (BEV),Clean Alternative Fuel Vehicle Eligible,150,0,44.0,8198081,PUGET SOUND ENERGY INC,53061052505.0,48.0047,-122.11226
WDDVP9AB2F,Yakima,Yakima,WA,98901.0,2015,MERCEDES-BENZ,B-CLASS,Battery Electric Vehicle (BEV),Clean Alternative Fuel Vehicle Eligible,87,0,15.0,188324727,PACIFICORP,53077001602.0,46.6043,-120.50022
1N4AZ0CP2F,Snohomish,Edmonds,WA,98020.0,2015,NISSAN,LEAF,Battery Electric Vehicle (BEV),Clean Alternative Fuel Vehicle Eligible,84,0,21.0,138597035,PUGET SOUND ENERGY INC,53061050502.0,47.80807,-122.375
5YJ3E1EA4J,King,Kirkland,WA,98034.0,2018,TESLA,MODEL 3,Battery Electric Vehicle (BEV),Clean Alternative Fuel Vehicle Eligible,215,0,1.0,347814015,PUGET SOUND ENERGY INC||CITY OF TACOMA - (WA),53033022201.0,47.71124,-122.20928
1N4BZ0CP3G,Snohomish,Bothell,WA,98021.0,2016,NISSAN,LEAF,Battery Electric Vehicle (BEV),Clean Alternative Fuel Vehicle Eligible,84,0,1.0,232703859,PUGET SOUND ENERGY INC,53061051937.0,47.802589,-122.17945
5YJSA1E25H,King,Seattle,WA,98106.0,2017,TESLA,MODEL S,Battery Electric Vehicle (BEV),Clean Alternative Fuel Vehicle Eligible,210,0,34.0,214280741,CITY OF SEATTLE - (WA)|CITY OF TACOMA - (WA),53033011300.0,47.52104,-122.35614
WBY1Z8C38H,Snohomish,Bothell,WA,98012.0,2017,BMW,I3,Plug-in Hybrid Electric Vehicle (PHEV),Clean Alternative Fuel Vehicle Eligible,97,0,21.0,112550595,PUGET SOUND ENERGY INC,53061051921.0,47.820245,-122.187
WA1F2AFY8N,Yakima,Yakima,WA,98908.0,2022,AUDI,Q5,Plug-in Hybrid Electric Vehicle (PHEV),Not eligible due to low battery range,23,0,14.0,202295537,PACIFICORP,53077002801.0,46.5965625,-120.60272
WBY1Z2C50E,Yakima,Yakima,WA,98901.0,2014,BMW,I3,Battery Electric Vehicle (BEV),Clean Alternative Fuel Vehicle Eligible,81,0,15.0,101485023,PACIFICORP,53077001602.0,46.6043,-120.50022
5UXKT0C53J,Spokane,Spokane,WA,99207.0,2018,BMW,X5,Plug-in Hybrid Electric Vehicle (PHEV),Not eligible due to low battery range,13,0,3.0,348205378,MODERN ELECTRIC WATER COMPANY,53063002501.0,47.67936,-117.3978
1N4AZ0CP3F,Kitsap,Bainbridge Island,WA,98110.0,2015,NISSAN,LEAF,Battery Electric Vehicle (BEV),Clean Alternative Fuel Vehicle Eligible,84,0,23.0,150727643,PUGET SOUND ENERGY INC,53035090902.0,47.6293323,-122.523578
YV4ED3UR7M,Thurston,Olympia,WA,98502.0,2021,VOLVO,XC40,Battery Electric Vehicle (BEV),Eligibility unknown as battery range has not been researched,0,0,22.0,175438245,PUGET SOUND ENERGY INC,53067010600.0,47.045935,-122.9214
5YJ3E1EBXJ,Spokane,Spokane,WA,99203.0,2018,TESLA,MODEL 3,Battery Electric Vehicle (BEV),Clean Alternative Fuel Vehicle Eligible,215,0,6.0,474607059,MODERN ELECTRIC WATER COMPANY,53063004300.0,47.635365,-117.42526
7FCTGAAA5N,Thurston,Yelm,WA,98597.0,2022,RIVIAN,R1T,Battery Electric Vehicle (BEV),Eligibility unknown as battery range has not been researched,0,0,2.0,228332982,PUGET SOUND ENERGY INC,53067012532.0,46.94126,-122.6102
WA1G2AFY5P,Snohomish,Snohomish,WA,98296.0,2023,AUDI,Q5 E,Plug-in Hybrid Electric Vehicle (PHEV),Not eligible due to low battery range,23,0,44.0,221156232,PUGET SOUND ENERGY INC,53061052122.0,47.8851158,-122.1513
WBY1Z4C57E,Snohomish,Monroe,WA,98272.0,2014,BMW,I3,Plug-in Hybrid Electric Vehicle (PHEV),Clean Alternative Fuel Vehicle Eligible,72,0,39.0,204035618,PUGET SOUND ENERGY INC,53061052206.0,47.85674,-121.97221
1G1FX6S00H,Kitsap,Olalla,WA,98359.0,2017,CHEVROLET,BOLT EV,Battery Electric Vehicle (BEV),Clean Alternative Fuel Vehicle Eligible,238,0,26.0,301194624,PUGET SOUND ENERGY INC,53035092803.0,47.41801,-122.5448
1N4AZ1CP1L,Chelan,Wenatchee,WA,98801.0,2020,NISSAN,LEAF,Battery Electric Vehicle (BEV),Clean Alternative Fuel Vehicle Eligible,149,0,12.0,142110370,PUD NO 1 OF CHELAN COUNTY,53007961002.0,47.42255,-120.32
1G1RD6S55G,Snohomish,Everett,WA,98208.0,2016,CHEVROLET,VOLT,Plug-in Hybrid Electric Vehicle (PHEV),Clean Alternative Fuel Vehicle Eligible,53,0,44.0,474876041,PUGET SOUND ENERGY INC,53061041606.0,47.9156409,-122.224775
WBY1Z4C59E,Thurston,Olympia,WA,98512.0,2014,BMW,I3,Plug-in Hybrid Electric Vehicle (PHEV),Clean Alternative Fuel Vehicle Eligible,72,0,22.0,121721148,PUGET SOUND ENERGY INC,53067010910.0,47.0135926,-122.913101
JTJHKCFZ9R,Spokane,Spokane,WA,99205.0,2024,LEXUS,NX,Plug-in Hybrid Electric Vehicle (PHEV),Clean Alternative Fuel Vehicle Eligible,37,0,3.0,259339517,MODERN ELECTRIC WATER COMPANY,53063001100.0,47.67946,-117.4269
5YJ3E1EAXP,Columbia,Dayton,WA,99328.0,2023,TESLA,MODEL 3,Battery Electric Vehicle (BEV),Eligibility unknown as battery range has not been researched,0,0,16.0,237840529,PACIFICORP,53013960200.0,46.320425,-117.97709
5YJ3E1EA6L,Snohomish,Lynnwood,WA,98036.0,2020,TESLA,MODEL 3,Battery Electric Vehicle (BEV),Clean Alternative Fuel Vehicle Eligible,266,0,32.0,6157343,PUGET SOUND ENERGY INC,53061051930.0,47.819365,-122.31667
3FA6P0PU1F,Skagit,Bow,WA,98232.0,2015,FORD,FUSION,Plug-in Hybrid Electric Vehicle (PHEV),Not eligible due to low battery range,19,0,40.0,215604812,PUGET SOUND ENERGY INC,53057950803.0,48.5613885,-122.44063
5YJSA1H19F,Kitsap,Poulsbo,WA,98370.0,2015,TESLA,MODEL S,Battery Electric Vehicle (BEV),Clean Alternative Fuel Vehicle Eligible,208,0,23.0,241749000,PUGET SOUND ENERGY INC,53035090202.0,47.737525,-122.6417
5YJSA1H27F,Thurston,Olympia,WA,98501.0,2015,TESLA,MODEL S,Battery Electric Vehicle (BEV),Clean Alternative Fuel Vehicle Eligible,208,0,22.0,243239006,PUGET SOUND ENERGY INC,53067010700.0,47.043535,-122.8969
WBY1Z4C55F,Island,Coupeville,WA,98239.0,2015,BMW,I3,Plug-in Hybrid Electric Vehicle (PHEV),Clean Alternative Fuel Vehicle Eligible,72,0,10.0,349879071,PUGET SOUND ENERGY INC,53029971100.0,48.2179983,-122.68807
1N4AZ1CP2J,Skagit,Mount Vernon,WA,98274.0,2018,NISSAN,LEAF,Battery Electric Vehicle (BEV),Clean Alternative Fuel Vehicle Eligible,151,0,10.0,131921317,PUGET SOUND ENERGY INC,53057952700.0,48.4152,-122.32295
5YJ3E1EA8L,King,Seattle,WA,98178.0,2020,TESLA,MODEL 3,Battery Electric Vehicle (BEV),Clean Alternative Fuel Vehicle Eligible,266,0,37.0,103329838,PUGET SOUND ENERGY INC||CITY OF TACOMA - (WA),53033026001.0,47.494545,-122.23438
KNDCM3LD6N,King,Seattle,WA,98177.0,2022,KIA,NIRO,Plug-in Hybrid Electric Vehicle (PHEV),Not eligible due to low battery range,26,0,36.0,256256262,CITY OF SEATTLE - (WA)|CITY OF TACOMA - (WA),53033001400.0,47.77279,-122.38242
7SAYGDEE3P,King,Bellevue,WA,98007.0,2023,TESLA,MODEL Y,Battery Electric Vehicle (BEV),Eligibility unknown as battery range has not been researched,0,0,48.0,238617004,PUGET SOUND ENERGY INC||CITY OF TACOMA - (WA),53033023201.0,47.599975,-122.14738
KM8KRDAF5P,King,Kirkland,WA,98034.0,2023,HYUNDAI,IONIQ 5,Battery Electric Vehicle (BEV),Eligibility unknown as battery range has not been researched,0,0,45.0,224268348,PUGET SOUND ENERGY INC||CITY OF TACOMA - (WA),53033021904.0,47.71124,-122.20928
5YJ3E1EA2J,Skagit,Mount Vernon,WA,98274.0,2018,TESLA,MODEL 3,Battery Electric Vehicle (BEV),Clean Alternative Fuel Vehicle Eligible,215,0,10.0,134050430,PUGET SOUND ENERGY INC,53057951200.0,48.4152,-122.32295
1N4BZ0CP3G,King,Kent,WA,98031.0,2016,NISSAN,LEAF,Battery Electric Vehicle (BEV),Clean Alternative Fuel Vehicle Eligible,84,0,33.0,2961500,PUGET SOUND ENERGY INC||CITY OF TACOMA - (WA),53033029207.0,47.3931814,-122.201252
1N4AZ0CP7F,Snohomish,Lynnwood,WA,98036.0,2015,NISSAN,LEAF,Battery Electric Vehicle (BEV),Clean Alternative Fuel Vehicle Eligible,84,0,32.0,264570064,PUGET SOUND ENERGY INC,53061051931.0,47.819365,-122.31667
5YJ3E1EBXK,King,Federal Way,WA,98003.0,2019,TESLA,MODEL 3,Battery Electric Vehicle (BEV),Clean Alternative Fuel Vehicle Eligible,220,0,30.0,325344519,PUGET SOUND ENERGY INC||CITY OF TACOMA - (WA),53033030007.0,47.32309,-122.3132
5YJSA1E45K,Stevens,Nine Mile Falls,WA,99026.0,2019,TESLA,MODEL S,Battery Electric Vehicle (BEV),Clean Alternative Fuel Vehicle Eligible,270,0,7.0,203736116,NO KNOWN ELECTRIC UTILITY SERVICE,53065951402.0,47.8204962,-117.596768
5YJXCBE45L,King,Bellevue,WA,98004.0,2020,TESLA,MODEL X,Battery Electric Vehicle (BEV),Clean Alternative Fuel Vehicle Eligible,293,0,48.0,198716024,PUGET SOUND ENERGY INC||CITY OF TACOMA - (WA),53033024001.0,47.61385,-122.2019
5YJ3E1EB8K,Snohomish,Edmonds,WA,98026.0,2019,TESLA,MODEL 3,Battery Electric Vehicle (BEV),Clean Alternative Fuel Vehicle Eligible,220,0,21.0,477706729,PUGET SOUND ENERGY INC,53061050404.0,47.80372,-122.33568
5YJ3E1EA7M,King,Kirkland,WA,98033.0,2021,TESLA,MODEL 3,Battery Electric Vehicle (BEV),Eligibility unknown as battery range has not been researched,0,0,45.0,186212673,PUGET SOUND ENERGY INC||CITY OF TACOMA - (WA),53033022502.0,47.6785,-122.2026
7SAYGDEE6P,Thurston,Olympia,WA,98501.0,2023,TESLA,MODEL Y,Battery Electric Vehicle (BEV),Eligibility unknown as battery range has not been researched,0,0,35.0,238894442,PUGET SOUND ENERGY INC,53067011722.0,47.043535,-122.8969
5YJ3E1EA2J,King,Bellevue,WA,98006.0,2018,TESLA,MODEL 3,Battery Electric Vehicle (BEV),Clean Alternative Fuel Vehicle Eligible,215,0,41.0,346437262,PUGET SOUND ENERGY INC||CITY OF TACOMA - (WA),53033024800.0,47.571015,-122.1693
5YJ3E1EB4J,King,Shoreline,WA,98133.0,2018,TESLA,MODEL 3,Battery Electric Vehicle (BEV),Clean Alternative Fuel Vehicle Eligible,215,0,32.0,474179282,CITY OF SEATTLE - (WA)|CITY OF TACOMA - (WA),53033020900.0,47.76726,-122.3458
1N4AZ0CP0D,Snohomish,Granite Falls,WA,98252.0,2013,NISSAN,LEAF,Battery Electric Vehicle (BEV),Clean Alternative Fuel Vehicle Eligible,75,0,39.0,149452019,PUGET SOUND ENERGY INC,53061053604.0,48.08334,-121.9699
JA4T5UA96P,King,Shoreline,WA,98155.0,2023,MITSUBISHI,OUTLANDER,Plug-in Hybrid Electric Vehicle (PHEV),Clean Alternative Fuel Vehicle Eligible,38,0,32.0,224395643,CITY OF SEATTLE - (WA)|CITY OF TACOMA - (WA),53033020500.0,47.7578146,-122.317
1G1RD6E49F,Pierce,Tacoma,WA,98422.0,2015,CHEVROLET,VOLT,Plug-in Hybrid Electric Vehicle (PHEV),Clean Alternative Fuel Vehicle Eligible,38,0,27.0,253888421,BONNEVILLE POWER ADMINISTRATION||CITY OF TACOMA - (WA)||PENINSULA LIGHT COMPANY,53053940001.0,47.28971,-122.3857
5YJ3E1EAXP,King,North Bend,WA,98045.0,2023,TESLA,MODEL 3,Battery Electric Vehicle (BEV),Eligibility unknown as battery range has not been researched,0,0,5.0,255149905,PUGET SOUND ENERGY INC||CITY OF TACOMA - (WA),53033032706.0,47.4935316,-121.781401
WA1AAAGE3N,San Juan,Eastsound,WA,98245.0,2022,AUDI,E-TRON,Battery Electric Vehicle (BEV),Eligibility unknown as battery range has not been researched,0,0,40.0,207314040,BONNEVILLE POWER ADMINISTRATION||ORCAS POWER & LIGHT COOP,53055960102.0,48.7016716,-122.90722
5YJSA1H13E,King,Kirkland,WA,98034.0,2014,TESLA,MODEL S,Battery Electric Vehicle (BEV),Clean Alternative Fuel Vehicle Eligible,208,69900,45.0,184591088,PUGET SOUND ENERGY INC||CITY OF TACOMA - (WA),53033021905.0,47.71124,-122.20928
1G1FY6S05L,King,Bellevue,WA,98008.0,2020,CHEVROLET,BOLT EV,Battery Electric Vehicle (BEV),Clean Alternative Fuel Vehicle Eligible,259,0,48.0,256277220,PUGET SOUND ENERGY INC||CITY OF TACOMA - (WA),53033023403.0,47.6245,-122.1183
7SAYGDED3P,King,Bellevue,WA,98006.0,2023,TESLA,MODEL Y,Battery Electric Vehicle (BEV),Eligibility unknown as battery range has not been researched,0,0,41.0,259081819,PUGET SOUND ENERGY INC||CITY OF TACOMA - (WA),53033024704.0,47.571015,-122.1693
50EA1DAAXN,Island,Coupeville,WA,98239.0,2022,LUCID,AIR,Battery Electric Vehicle (BEV),Eligibility unknown as battery range has not been researched,0,0,10.0,193102829,PUGET SOUND ENERGY INC,53029971000.0,48.2179983,-122.68807
5YJ3E1EB5L,King,Seattle,WA,98115.0,2020,TESLA,MODEL 3,Battery Electric Vehicle (BEV),Clean Alternative Fuel Vehicle Eligible,322,0,43.0,9726874,CITY OF SEATTLE - (WA)|CITY OF TACOMA - (WA),53033002600.0,47.67949,-122.318
1G1RH6E46D,King,Shoreline,WA,98155.0,2013,CHEVROLET,VOLT,Plug-in Hybrid Electric Vehicle (PHEV),Clean Alternative Fuel Vehicle Eligible,38,0,32.0,191292349,CITY OF SEATTLE - (WA)|CITY OF TACOMA - (WA),53033020600.0,47.7578146,-122.317
7SAYGDEE6P,King,Bothell,WA,98011.0,2023,TESLA,MODEL Y,Battery Electric Vehicle (BEV),Eligibility unknown as battery range has not been researched,0,0,1.0,232749009,PUGET SOUND ENERGY INC||CITY OF TACOMA - (WA),53033021905.0,47.762405,-122.2057
7SAYGDEEXP,King,Kenmore,WA,98028.0,2023,TESLA,MODEL Y,Battery Electric Vehicle (BEV),Eligibility unknown as battery range has not been researched,0,0,46.0,244377920,PUGET SOUND ENERGY INC||CITY OF TACOMA - (WA),53033022102.0,47.7617128,-122.250474
1C4RJYB65P,King,Lake Forest Park,WA,98155.0,2023,JEEP,GRAND CHEROKEE,Plug-in Hybrid Electric Vehicle (PHEV),Not eligible due to low battery range,25,0,46.0,236314767,CITY OF SEATTLE - (WA)|CITY OF TACOMA - (WA),53033021300.0,47.7578146,-122.317
JTDKARFP2H,King,Bellevue,WA,98007.0,2017,TOYOTA,PRIUS PRIME,Plug-in Hybrid Electric Vehicle (PHEV),Not eligible due to low battery range,25,0,48.0,165954512,PUGET SOUND ENERGY INC||CITY OF TACOMA - (WA),53033023300.0,47.599975,-122.14738
5YJ3E1EB4K,Spokane,Spokane,WA,99223.0,2019,TESLA,MODEL 3,Battery Electric Vehicle (BEV),Clean Alternative Fuel Vehicle Eligible,220,0,6.0,477627167,BONNEVILLE POWER ADMINISTRATION||INLAND POWER & LIGHT COMPANY,53063013401.0,47.62637,-117.3697
3FMTK3SU5N,Clark,Ridgefield,WA,98642.0,2022,FORD,MUSTANG MACH-E,Battery Electric Vehicle (BEV),Eligibility unknown as battery range has not been researched,0,0,17.0,227131838,BONNEVILLE POWER ADMINISTRATION||PUD NO 1 OF CLARK COUNTY - (WA),53011040412.0,45.818445,-122.7429
1G1FZ6S09P,King,Bellevue,WA,98008.0,2023,CHEVROLET,BOLT EUV,Battery Electric Vehicle (BEV),Eligibility unknown as battery range has not been researched,0,0,48.0,253905165,PUGET SOUND ENERGY INC||CITY OF TACOMA - (WA),53033023300.0,47.6245,-122.1183
KM8KRDAF8P,King,Seattle,WA,98107.0,2023,HYUNDAI,IONIQ 5,Battery Electric Vehicle (BEV),Eligibility unknown as battery range has not been researched,0,0,36.0,255003654,CITY OF SEATTLE - (WA)|CITY OF TACOMA - (WA),53033004702.0,47.66866,-122.3781
1N4AZ0CP5F,Pierce,University Place,WA,98466.0,2015,NISSAN,LEAF,Battery Electric Vehicle (BEV),Clean Alternative Fuel Vehicle Eligible,84,0,28.0,138924215,BONNEVILLE POWER ADMINISTRATION||CITY OF TACOMA - (WA)||PENINSULA LIGHT COMPANY,53053072309.0,47.231645,-122.53756
WA1E2AFY3P,King,Kirkland,WA,98033.0,2023,AUDI,Q5 E,Plug-in Hybrid Electric Vehicle (PHEV),Not eligible due to low battery range,23,0,48.0,241325290,PUGET SOUND ENERGY INC||CITY OF TACOMA - (WA),53033022603.0,47.6785,-122.2026
JN1AZ0CP6C,Whatcom,Bellingham,WA,98226.0,2012,NISSAN,LEAF,Battery Electric Vehicle (BEV),Clean Alternative Fuel Vehicle Eligible,73,0,40.0,161710027,PUGET SOUND ENERGY INC||PUD NO 1 OF WHATCOM COUNTY,53073000804.0,48.76809,-122.4549
7SAYGDEEXP,King,Renton,WA,98056.0,2023,TESLA,MODEL Y,Battery Electric Vehicle (BEV),Eligibility unknown as battery range has not been researched,0,0,41.0,237917193,PUGET SOUND ENERGY INC||CITY OF TACOMA - (WA),53033025201.0,47.500055,-122.1805
7SAYGDEE1P,Pierce,University Place,WA,98467.0,2023,TESLA,MODEL Y,Battery Electric Vehicle (BEV),Eligibility unknown as battery range has not been researched,0,0,28.0,252740687,BONNEVILLE POWER ADMINISTRATION||CITY OF TACOMA - (WA)||PENINSULA LIGHT COMPANY,53053072315.0,47.2074166,-122.540451
7SAYGDEF2P,Pierce,Parkland,WA,98446.0,2023,TESLA,MODEL Y,Battery Electric Vehicle (BEV),Eligibility unknown as battery range has not been researched,0,0,29.0,254664462,BONNEVILLE POWER ADMINISTRATION||CITY OF TACOMA - (WA)||PENINSULA LIGHT COMPANY,53053071412.0,47.096645,-122.37747
5YJYGDEE9M,King,Tukwila,WA,98168.0,2021,TESLA,MODEL Y,Battery Electric Vehicle (BEV),Eligibility unknown as battery range has not been researched,0,0,11.0,235273727,CITY OF SEATTLE - (WA)|CITY OF TACOMA - (WA),53033028200.0,47.476,-122.28646
JTMABABA4P,King,Bothell,WA,98011.0,2023,SUBARU,SOLTERRA,Battery Electric Vehicle (BEV),Eligibility unknown as battery range has not been researched,0,0,1.0,229672992,PUGET SOUND ENERGY INC||CITY OF TACOMA - (WA),53033021804.0,47.762405,-122.2057
1N4AZ0CP0F,King,Seattle,WA,98115.0,2015,NISSAN,LEAF,Battery Electric Vehicle (BEV),Clean Alternative Fuel Vehicle Eligible,84,0,46.0,117760261,CITY OF SEATTLE - (WA)|CITY OF TACOMA - (WA),53033002600.0,47.67949,-122.318
5YJ3E1EBXL,Chelan,Chelan,WA,98816.0,2020,TESLA,MODEL 3,Battery Electric Vehicle (BEV),Clean Alternative Fuel Vehicle Eligible,322,0,12.0,124022020,PUD NO 1 OF CHELAN COUNTY,53007960302.0,47.839895,-120.01587
1V2WNPE88P,Snohomish,Edmonds,WA,98026.0,2023,VOLKSWAGEN,ID.4,Battery Electric Vehicle (BEV),Eligibility unknown as battery range has not been researched,0,0,32.0,244174738,PUGET SOUND ENERGY INC,53061050800.0,47.80372,-122.33568
1N4AZ1CP2J,King,Kirkland,WA,98033.0,2018,NISSAN,LEAF,Battery Electric Vehicle (BEV),Clean Alternative Fuel Vehicle Eligible,151,0,45.0,278759638,PUGET SOUND ENERGY INC||CITY OF TACOMA - (WA),53033022401.0,47.6785,-122.2026
7SAYGAEE6N,Snohomish,Bothell,WA,98012.0,2022,TESLA,MODEL Y,Battery Electric Vehicle (BEV),Eligibility unknown as battery range has not been researched,0,0,1.0,187087064,PUGET SOUND ENERGY INC,53061052009.0,47.820245,-122.187
YV4H60CL6N,Whatcom,Bellingham,WA,98226.0,2022,VOLVO,XC90,Plug-in Hybrid Electric Vehicle (PHEV),Clean Alternative Fuel Vehicle Eligible,35,0,42.0,205543579,PUGET SOUND ENERGY INC||PUD NO 1 OF WHATCOM COUNTY,53073010702.0,48.76809,-122.4549
1N4AZ1BV6N,King,Kirkland,WA,98034.0,2022,NISSAN,LEAF,Battery Electric Vehicle (BEV),Eligibility unknown as battery range has not been researched,0,0,45.0,193979446,PUGET SOUND ENERGY INC||CITY OF TACOMA - (WA),53033022003.0,47.71124,-122.20928
1N4AZ0CP2F,Snohomish,Everett,WA,98203.0,2015,NISSAN,LEAF,Battery Electric Vehicle (BEV),Clean Alternative Fuel Vehicle Eligible,84,0,38.0,221469615,PUGET SOUND ENERGY INC,53061040900.0,47.95479,-122.2131
1G1FZ6S05L,King,Auburn,WA,98002.0,2020,CHEVROLET,BOLT EV,Battery Electric Vehicle (BEV),Clean Alternative Fuel Vehicle Eligible,259,0,31.0,166174123,PUGET SOUND ENERGY INC||CITY OF TACOMA - (WA),53033030802.0,47.305065,-122.22285
7SAYGDEEXP,King,Redmond,WA,98052.0,2023,TESLA,MODEL Y,Battery Electric Vehicle (BEV),Eligibility unknown as battery range has not been researched,0,0,45.0,253329688,PUGET SOUND ENERGY INC||CITY OF TACOMA - (WA),53033032321.0,47.67668,-122.123
2C4RC1H74J,King,Seattle,WA,98104.0,2018,CHRYSLER,PACIFICA,Plug-in Hybrid Electric Vehicle (PHEV),Clean Alternative Fuel Vehicle Eligible,33,0,37.0,124483124,CITY OF SEATTLE - (WA)|CITY OF TACOMA - (WA),53033009300.0,47.6018,-122.32907
7SAYGDEE2P,Snohomish,Monroe,WA,98272.0,2023,TESLA,MODEL Y,Battery Electric Vehicle (BEV),Eligibility unknown as battery range has not been researched,0,0,39.0,241539014,PUGET SOUND ENERGY INC,53061052206.0,47.85674,-121.97221
7PDSGABL4P,King,Bellevue,WA,98004.0,2023,RIVIAN,R1S,Battery Electric Vehicle (BEV),Eligibility unknown as battery range has not been researched,0,0,41.0,233875883,PUGET SOUND ENERGY INC||CITY OF TACOMA - (WA),53033023901.0,47.61385,-122.2019
1N4AZ1CV3M,Clark,Vancouver,WA,98660.0,2021,NISSAN,LEAF,Battery Electric Vehicle (BEV),Eligibility unknown as battery range has not been researched,0,0,49.0,166881256,BONNEVILLE POWER ADMINISTRATION||PUD NO 1 OF CLARK COUNTY - (WA),53011042100.0,45.630465,-122.67597
7SAYGDEF0N,Clark,Vancouver,WA,98684.0,2022,TESLA,MODEL Y,Battery Electric Vehicle (BEV),Eligibility unknown as battery range has not been researched,0,0,17.0,219478143,BONNEVILLE POWER ADMINISTRATION||PUD NO 1 OF CLARK COUNTY - (WA),53011041319.0,45.6228,-122.5169
1N4AZ1CV7M,Cowlitz,Castle Rock,WA,98611.0,2021,NISSAN,LEAF,Battery Electric Vehicle (BEV),Eligibility unknown as battery range has not been researched,0,0,20.0,255155659,BONNEVILLE POWER ADMINISTRATION||PUD NO 1 OF COWLITZ COUNTY,53015002003.0,46.2744,-122.9077
5YJXCDE27J,Snohomish,Bothell,WA,98012.0,2018,TESLA,MODEL X,Battery Electric Vehicle (BEV),Clean Alternative Fuel Vehicle Eligible,238,0,44.0,349906609,PUGET SOUND ENERGY INC,53061052010.0,47.820245,-122.187
7SAYGAEE1P,King,Kirkland,WA,98034.0,2023,TESLA,MODEL Y,Battery Electric Vehicle (BEV),Eligibility unknown as battery range has not been researched,0,0,45.0,238620028,PUGET SOUND ENERGY INC||CITY OF TACOMA - (WA),53033022603.0,47.71124,-122.20928
1G1RB6S56H,Island,Oak Harbor,WA,98277.0,2017,CHEVROLET,VOLT,Plug-in Hybrid Electric Vehicle (PHEV),Clean Alternative Fuel Vehicle Eligible,53,0,10.0,349830176,PUGET SOUND ENERGY INC,53029970100.0,48.2897314,-122.678867
4JGGM1CB0P,King,Seattle,WA,98134.0,2023,MERCEDES-BENZ,EQE-CLASS SUV,Battery Electric Vehicle (BEV),Eligibility unknown as battery range has not been researched,0,0,11.0,249912071,CITY OF SEATTLE - (WA)|CITY OF TACOMA - (WA),53033009300.0,47.57981,-122.32981
7SAYGDEE0N,Snohomish,Edmonds,WA,98026.0,2022,TESLA,MODEL Y,Battery Electric Vehicle (BEV),Eligibility unknown as battery range has not been researched,0,0,21.0,216684779,PUGET SOUND ENERGY INC,53061050300.0,47.80372,-122.33568
5YJSA1H16F,King,Mercer Island,WA,98040.0,2015,TESLA,MODEL S,Battery Electric Vehicle (BEV),Clean Alternative Fuel Vehicle Eligible,208,0,41.0,152220589,PUGET SOUND ENERGY INC||CITY OF TACOMA - (WA),53033024302.0,47.582905,-122.237754
KNDC4DLC1P,Clark,Camas,WA,98607.0,2023,KIA,EV6,Battery Electric Vehicle (BEV),Eligibility unknown as battery range has not been researched,0,0,18.0,229532838,BONNEVILLE POWER ADMINISTRATION||PUD NO 1 OF CLARK COUNTY - (WA),53011040610.0,45.59009,-122.40556
WDC0G5EB7K,King,Kent,WA,98042.0,2019,MERCEDES-BENZ,GLC-CLASS,Plug-in Hybrid Electric Vehicle (PHEV),Not eligible due to low battery range,10,0,47.0,262396627,PUGET SOUND ENERGY INC||CITY OF TACOMA - (WA),53033031800.0,47.36078,-122.11162
1FTVW1EL7P,King,Redmond,WA,98052.0,2023,FORD,F-150,Battery Electric Vehicle (BEV),Eligibility unknown as battery range has not been researched,0,0,45.0,258071341,PUGET SOUND ENERGY INC||CITY OF TACOMA - (WA),53033032323.0,47.67668,-122.123
WVGUNPE22M,King,Redmond,WA,98052.0,2021,VOLKSWAGEN,ID.4,Battery Electric Vehicle (BEV),Eligibility unknown as battery range has not been researched,0,0,48.0,187507470,PUGET SOUND ENERGY INC||CITY OF TACOMA - (WA),53033022605.0,47.67668,-122.123
JN1AZ0CP5B,King,Redmond,WA,98052.0,2011,NISSAN,LEAF,Battery Electric Vehicle (BEV),Clean Alternative Fuel Vehicle Eligible,73,0,48.0,221511090,PUGET SOUND ENERGY INC||CITY OF TACOMA - (WA),53033022902.0,47.67668,-122.123
WA1LAAGE0K,Pierce,Lakewood,WA,98498.0,2019,AUDI,E-TRON,Battery Electric Vehicle (BEV),Clean Alternative Fuel Vehicle Eligible,204,0,28.0,254808872,PUGET SOUND ENERGY INC||CITY OF TACOMA - (WA),53053072112.0,47.176685,-122.54764
WVGUNPE28M,Kitsap,Hansville,WA,98340.0,2021,VOLKSWAGEN,ID.4,Battery Electric Vehicle (BEV),Eligibility unknown as battery range has not been researched,0,0,23.0,200779771,PUGET SOUND ENERGY INC,53035090102.0,47.903975,-122.5778
